{
    "loss": 116.85152435302734,
    "accuracy": 0.5686274766921997
}